PV,elemField_eng,elemField_phy,elemHandle,elemIndex,elemLength,elemName,elemPosition,elemType,machine,physicsName,physicsType,pvPolicy
FE_SCS1:SOLR_D0704:I_CSET,I,B,setpoint,4,0.3998,FE_SCS1:SOLR_D0704,0.63265413,SOL,LIVE,solenoid,SOL_S4b,DEFAULT,phantasy.sys.FE,phantasy.sub.SCS1,LEBT
FE_SCS1:SOLR_D0704:I_RSET,I,B,readset,4,0.3998,FE_SCS1:SOLR_D0704,0.63265413,SOL,LIVE,solenoid,SOL_S4b,DEFAULT,phantasy.sys.FE,phantasy.sub.SCS1,LEBT
FE_SCS1:SOLR_D0704:I_RD,I,B,readback,4,0.3998,FE_SCS1:SOLR_D0704,0.63265413,SOL,LIVE,solenoid,SOL_S4b,DEFAULT,phantasy.sys.FE,phantasy.sub.SCS1,LEBT
FE_SCS1:PSC2_D0709:I_CSET,I,ANG,setpoint,8,0.0,FE_SCS1:DCH_D0709,0.97275413,HCOR,LIVE,horiz. corrector magnet,C4,DEFAULT,phantasy.sys.FE,phantasy.sub.SCS1,LEBT
FE_SCS1:PSC2_D0709:I_RSET,I,ANG,readset,8,0.0,FE_SCS1:DCH_D0709,0.97275413,HCOR,LIVE,horiz. corrector magnet,C4,DEFAULT,phantasy.sys.FE,phantasy.sub.SCS1,LEBT
FE_SCS1:PSC2_D0709:I_RD,I,ANG,readback,8,0.0,FE_SCS1:DCH_D0709,0.97275413,HCOR,LIVE,horiz. corrector magnet,C4,DEFAULT,phantasy.sys.FE,phantasy.sub.SCS1,LEBT
FE_SCS1:PSC1_D0709:I_CSET,I,ANG,setpoint,8,0.0,FE_SCS1:DCV_D0709,0.97275413,VCOR,LIVE,vert. corrector magnet,C4,DEFAULT,phantasy.sys.FE,phantasy.sub.SCS1,LEBT
FE_SCS1:PSC1_D0709:I_RSET,I,ANG,readset,8,0.0,FE_SCS1:DCV_D0709,0.97275413,VCOR,LIVE,vert. corrector magnet,C4,DEFAULT,phantasy.sys.FE,phantasy.sub.SCS1,LEBT
FE_SCS1:PSC1_D0709:I_RD,I,ANG,readback,8,0.0,FE_SCS1:DCV_D0709,0.97275413,VCOR,LIVE,vert. corrector magnet,C4,DEFAULT,phantasy.sys.FE,phantasy.sub.SCS1,LEBT
FE_SCS1:DH_D0717:I_CSET,I,B,setpoint,10,1.0,FE_SCS1:DH_D0717,2.20775413,BEND,LIVE,"dipole-90deg, D5-1",BEND_D5,DEFAULT,phantasy.sys.FE,phantasy.sub.SCS1,LEBT
FE_SCS1:DH_D0717:I_RSET,I,B,readset,10,1.0,FE_SCS1:DH_D0717,2.20775413,BEND,LIVE,"dipole-90deg, D5-1",BEND_D5,DEFAULT,phantasy.sys.FE,phantasy.sub.SCS1,LEBT
FE_SCS1:DH_D0717:I_RD,I,B,readback,10,1.0,FE_SCS1:DH_D0717,2.20775413,BEND,LIVE,"dipole-90deg, D5-1",BEND_D5,DEFAULT,phantasy.sys.FE,phantasy.sub.SCS1,LEBT
FE_SCS1:PSC2_D0723:I_CSET,I,ANG,setpoint,13,0.0,FE_SCS1:DCH_D0723,2.37005413,HCOR,LIVE,horiz. corrector magnet,C4,DEFAULT,phantasy.sys.FE,phantasy.sub.SCS1,LEBT
FE_SCS1:PSC2_D0723:I_RSET,I,ANG,readset,13,0.0,FE_SCS1:DCH_D0723,2.37005413,HCOR,LIVE,horiz. corrector magnet,C4,DEFAULT,phantasy.sys.FE,phantasy.sub.SCS1,LEBT
FE_SCS1:PSC2_D0723:I_RD,I,ANG,readback,13,0.0,FE_SCS1:DCH_D0723,2.37005413,HCOR,LIVE,horiz. corrector magnet,C4,DEFAULT,phantasy.sys.FE,phantasy.sub.SCS1,LEBT
FE_SCS1:PSC1_D0723:I_CSET,I,ANG,setpoint,13,0.0,FE_SCS1:DCV_D0723,2.37005413,VCOR,LIVE,vert. corrector magnet,C4,DEFAULT,phantasy.sys.FE,phantasy.sub.SCS1,LEBT
FE_SCS1:PSC1_D0723:I_RSET,I,ANG,readset,13,0.0,FE_SCS1:DCV_D0723,2.37005413,VCOR,LIVE,vert. corrector magnet,C4,DEFAULT,phantasy.sys.FE,phantasy.sub.SCS1,LEBT
FE_SCS1:PSC1_D0723:I_RD,I,ANG,readback,13,0.0,FE_SCS1:DCV_D0723,2.37005413,VCOR,LIVE,vert. corrector magnet,C4,DEFAULT,phantasy.sys.FE,phantasy.sub.SCS1,LEBT
FE_SCS1:QE_D0726:V_CSET,V,V,setpoint,15,0.2052,FE_SCS1:QHE_D0726,2.76035413,EQUAD,LIVE,ES_quad_X,QUAD_Q7,DEFAULT,phantasy.sys.FE,phantasy.sub.SCS1,LEBT
FE_SCS1:QE_D0726:V_RSET,V,V,readset,15,0.2052,FE_SCS1:QHE_D0726,2.76035413,EQUAD,LIVE,ES_quad_X,QUAD_Q7,DEFAULT,phantasy.sys.FE,phantasy.sub.SCS1,LEBT
FE_SCS1:QE_D0726:V_RD,V,V,readback,15,0.2052,FE_SCS1:QHE_D0726,2.76035413,EQUAD,LIVE,ES_quad_X,QUAD_Q7,DEFAULT,phantasy.sys.FE,phantasy.sub.SCS1,LEBT
FE_SCS1:QE_D0730:V_CSET,V,V,setpoint,17,0.2052,FE_SCS1:QVE_D0730,3.09535413,EQUAD,LIVE,ES_quad_Y,QUAD_Q7,DEFAULT,phantasy.sys.FE,phantasy.sub.SCS1,LEBT
FE_SCS1:QE_D0730:V_RSET,V,V,readset,17,0.2052,FE_SCS1:QVE_D0730,3.09535413,EQUAD,LIVE,ES_quad_Y,QUAD_Q7,DEFAULT,phantasy.sys.FE,phantasy.sub.SCS1,LEBT
FE_SCS1:QE_D0730:V_RD,V,V,readback,17,0.2052,FE_SCS1:QVE_D0730,3.09535413,EQUAD,LIVE,ES_quad_Y,QUAD_Q7,DEFAULT,phantasy.sys.FE,phantasy.sub.SCS1,LEBT
FE_SCS1:QE_D0733:V_CSET,V,V,setpoint,19,0.2052,FE_SCS1:QHE_D0733,3.43035413,EQUAD,LIVE,ES_quad_X,QUAD_Q7,DEFAULT,phantasy.sys.FE,phantasy.sub.SCS1,LEBT
FE_SCS1:QE_D0733:V_RSET,V,V,readset,19,0.2052,FE_SCS1:QHE_D0733,3.43035413,EQUAD,LIVE,ES_quad_X,QUAD_Q7,DEFAULT,phantasy.sys.FE,phantasy.sub.SCS1,LEBT
FE_SCS1:QE_D0733:V_RD,V,V,readback,19,0.2052,FE_SCS1:QHE_D0733,3.43035413,EQUAD,LIVE,ES_quad_X,QUAD_Q7,DEFAULT,phantasy.sys.FE,phantasy.sub.SCS1,LEBT
FE_SCS1:FC_D0738:AVG_RD,I,I,readback,25,0.0,FE_SCS1:FC_D0738,3.79507611,FC,LIVE,Faraday cup,FC2,DEFAULT,phantasy.sys.FE,phantasy.sub.SCS1,LEBT
#FE_SCS1:FC_D0738:VoltageMeasure,V,V,readback,25,0.0,FE_SCS1:FC_D0738,3.79507611,FC,LIVE,Faraday cup,FC2,DEFAULT,phantasy.sys.FE,phantasy.sub.SCS1,LEBT
#FE_SCS1:FC_D0738:VoltageSet,V,V,setpoint,25,0.0,FE_SCS1:FC_D0738,3.79507611,FC,LIVE,Faraday cup,FC2,DEFAULT,phantasy.sys.FE,phantasy.sub.SCS1,LEBT
FE_SCS1:FC_D0738:XCEN_RD,XCEN,XCEN,readback,25,0.0,FE_SCS1:FC_D0738,3.79507611,FC,LIVE,Faraday cup,FC2,DEFAULT,phantasy.sys.FE,phantasy.sub.SCS1,LEBT
FE_SCS1:FC_D0738:YCEN_RD,YCEN,YCEN,readback,25,0.0,FE_SCS1:FC_D0738,3.79507611,FC,LIVE,Faraday cup,FC2,DEFAULT,phantasy.sys.FE,phantasy.sub.SCS1,LEBT
FE_SCS1:FC_D0738:XRMS_RD,XRMS,XRMS,readback,25,0.0,FE_SCS1:FC_D0738,3.79507611,FC,LIVE,Faraday cup,FC2,DEFAULT,phantasy.sys.FE,phantasy.sub.SCS1,LEBT
FE_SCS1:FC_D0738:YRMS_RD,YRMS,YRMS,readback,25,0.0,FE_SCS1:FC_D0738,3.79507611,FC,LIVE,Faraday cup,FC2,DEFAULT,phantasy.sys.FE,phantasy.sub.SCS1,LEBT
FE_SCS1:VD_D0739:XCEN_RD,XCEN,XCEN,readback,27,0.0,FE_SCS1:VD_D0739,3.97541611,VD,LIVE,viewer,V1,DEFAULT,phantasy.sys.FE,phantasy.sub.SCS1,LEBT
FE_SCS1:VD_D0739:YCEN_RD,YCEN,YCEN,readback,27,0.0,FE_SCS1:VD_D0739,3.97541611,VD,LIVE,viewer,V1,DEFAULT,phantasy.sys.FE,phantasy.sub.SCS1,LEBT
FE_SCS1:VD_D0739:XRMS_RD,XRMS,XRMS,readback,27,0.0,FE_SCS1:VD_D0739,3.97541611,VD,LIVE,viewer,V1,DEFAULT,phantasy.sys.FE,phantasy.sub.SCS1,LEBT
FE_SCS1:VD_D0739:YRMS_RD,YRMS,YRMS,readback,27,0.0,FE_SCS1:VD_D0739,3.97541611,VD,LIVE,viewer,V1,DEFAULT,phantasy.sys.FE,phantasy.sub.SCS1,LEBT
FE_SCS1:QE_D0743:V_CSET,V,V,setpoint,30,0.2052,FE_SCS1:QHE_D0743,4.39035413,EQUAD,LIVE,ES_quad_X,QUAD_Q7,DEFAULT,phantasy.sys.FE,phantasy.sub.SCS1,LEBT
FE_SCS1:QE_D0743:V_RSET,V,V,readset,30,0.2052,FE_SCS1:QHE_D0743,4.39035413,EQUAD,LIVE,ES_quad_X,QUAD_Q7,DEFAULT,phantasy.sys.FE,phantasy.sub.SCS1,LEBT
FE_SCS1:QE_D0743:V_RD,V,V,readback,30,0.2052,FE_SCS1:QHE_D0743,4.39035413,EQUAD,LIVE,ES_quad_X,QUAD_Q7,DEFAULT,phantasy.sys.FE,phantasy.sub.SCS1,LEBT
FE_SCS1:QE_D0746:V_CSET,V,V,setpoint,32,0.2052,FE_SCS1:QVE_D0746,4.72535413,EQUAD,LIVE,ES_quad_Y,QUAD_Q7,DEFAULT,phantasy.sys.FE,phantasy.sub.SCS1,LEBT
FE_SCS1:QE_D0746:V_RSET,V,V,readset,32,0.2052,FE_SCS1:QVE_D0746,4.72535413,EQUAD,LIVE,ES_quad_Y,QUAD_Q7,DEFAULT,phantasy.sys.FE,phantasy.sub.SCS1,LEBT
FE_SCS1:QE_D0746:V_RD,V,V,readback,32,0.2052,FE_SCS1:QVE_D0746,4.72535413,EQUAD,LIVE,ES_quad_Y,QUAD_Q7,DEFAULT,phantasy.sys.FE,phantasy.sub.SCS1,LEBT
FE_SCS1:QE_D0749:V_CSET,V,V,setpoint,34,0.2052,FE_SCS1:QHE_D0749,5.06035413,EQUAD,LIVE,ES_quad_X,QUAD_Q7,DEFAULT,phantasy.sys.FE,phantasy.sub.SCS1,LEBT
FE_SCS1:QE_D0749:V_RSET,V,V,readset,34,0.2052,FE_SCS1:QHE_D0749,5.06035413,EQUAD,LIVE,ES_quad_X,QUAD_Q7,DEFAULT,phantasy.sys.FE,phantasy.sub.SCS1,LEBT
FE_SCS1:QE_D0749:V_RD,V,V,readback,34,0.2052,FE_SCS1:QHE_D0749,5.06035413,EQUAD,LIVE,ES_quad_X,QUAD_Q7,DEFAULT,phantasy.sys.FE,phantasy.sub.SCS1,LEBT
FE_LEBT:DH_D0759:I_CSET,I,B,setpoint,38,1.0,FE_LEBT:DH_D0759,6.40775413,BEND,LIVE,"dipole-90deg, D5-2",BEND_D5,DEFAULT,phantasy.sys.FE,phantasy.sub.LEBT,LEBT
FE_LEBT:DH_D0759:I_RSET,I,B,readset,38,1.0,FE_LEBT:DH_D0759,6.40775413,BEND,LIVE,"dipole-90deg, D5-2",BEND_D5,DEFAULT,phantasy.sys.FE,phantasy.sub.LEBT,LEBT
FE_LEBT:DH_D0759:I_RD,I,B,readback,38,1.0,FE_LEBT:DH_D0759,6.40775413,BEND,LIVE,"dipole-90deg, D5-2",BEND_D5,DEFAULT,phantasy.sys.FE,phantasy.sub.LEBT,LEBT
FE_LEBT:QE_D0767:V_CSET,V,V,setpoint,40,0.2052,FE_LEBT:QVE_D0767,6.83535413,EQUAD,LIVE,ES_quad_Y,QUAD_Q7,DEFAULT,phantasy.sys.FE,phantasy.sub.LEBT,LEBT
FE_LEBT:QE_D0767:V_RSET,V,V,readset,40,0.2052,FE_LEBT:QVE_D0767,6.83535413,EQUAD,LIVE,ES_quad_Y,QUAD_Q7,DEFAULT,phantasy.sys.FE,phantasy.sub.LEBT,LEBT
FE_LEBT:QE_D0767:V_RD,V,V,readback,40,0.2052,FE_LEBT:QVE_D0767,6.83535413,EQUAD,LIVE,ES_quad_Y,QUAD_Q7,DEFAULT,phantasy.sys.FE,phantasy.sub.LEBT,LEBT
FE_LEBT:QE_D0770:V_CSET,V,V,setpoint,42,0.2052,FE_LEBT:QHE_D0770,7.17035413,EQUAD,LIVE,ES_quad_X,QUAD_Q7,DEFAULT,phantasy.sys.FE,phantasy.sub.LEBT,LEBT
FE_LEBT:QE_D0770:V_RSET,V,V,readset,42,0.2052,FE_LEBT:QHE_D0770,7.17035413,EQUAD,LIVE,ES_quad_X,QUAD_Q7,DEFAULT,phantasy.sys.FE,phantasy.sub.LEBT,LEBT
FE_LEBT:QE_D0770:V_RD,V,V,readback,42,0.2052,FE_LEBT:QHE_D0770,7.17035413,EQUAD,LIVE,ES_quad_X,QUAD_Q7,DEFAULT,phantasy.sys.FE,phantasy.sub.LEBT,LEBT
FE_LEBT:PSC2_D0773:I_CSET,I,ANG,setpoint,44,0.0,FE_LEBT:DCH_D0773,7.36525413,HCOR,LIVE,horiz. corrector magnet,C4,DEFAULT,phantasy.sys.FE,phantasy.sub.LEBT,LEBT
FE_LEBT:PSC2_D0773:I_RSET,I,ANG,readset,44,0.0,FE_LEBT:DCH_D0773,7.36525413,HCOR,LIVE,horiz. corrector magnet,C4,DEFAULT,phantasy.sys.FE,phantasy.sub.LEBT,LEBT
FE_LEBT:PSC2_D0773:I_RD,I,ANG,readback,44,0.0,FE_LEBT:DCH_D0773,7.36525413,HCOR,LIVE,horiz. corrector magnet,C4,DEFAULT,phantasy.sys.FE,phantasy.sub.LEBT,LEBT
FE_LEBT:PSC1_D0773:I_CSET,I,ANG,setpoint,44,0.0,FE_LEBT:DCV_D0773,7.36525413,VCOR,LIVE,vert. corrector magnet,C4,DEFAULT,phantasy.sys.FE,phantasy.sub.LEBT,LEBT
FE_LEBT:PSC1_D0773:I_RSET,I,ANG,readset,44,0.0,FE_LEBT:DCV_D0773,7.36525413,VCOR,LIVE,vert. corrector magnet,C4,DEFAULT,phantasy.sys.FE,phantasy.sub.LEBT,LEBT
FE_LEBT:PSC1_D0773:I_RD,I,ANG,readback,44,0.0,FE_LEBT:DCV_D0773,7.36525413,VCOR,LIVE,vert. corrector magnet,C4,DEFAULT,phantasy.sys.FE,phantasy.sub.LEBT,LEBT
FE_LEBT:QE_D0776:V_CSET,V,V,setpoint,46,0.2052,FE_LEBT:QHE_D0776,7.76535413,EQUAD,LIVE,ES_quad_X,QUAD_Q7,DEFAULT,phantasy.sys.FE,phantasy.sub.LEBT,LEBT
FE_LEBT:QE_D0776:V_RSET,V,V,readset,46,0.2052,FE_LEBT:QHE_D0776,7.76535413,EQUAD,LIVE,ES_quad_X,QUAD_Q7,DEFAULT,phantasy.sys.FE,phantasy.sub.LEBT,LEBT
FE_LEBT:QE_D0776:V_RD,V,V,readback,46,0.2052,FE_LEBT:QHE_D0776,7.76535413,EQUAD,LIVE,ES_quad_X,QUAD_Q7,DEFAULT,phantasy.sys.FE,phantasy.sub.LEBT,LEBT
FE_LEBT:QE_D0780:V_CSET,V,V,setpoint,48,0.2052,FE_LEBT:QVE_D0780,8.10035413,EQUAD,LIVE,ES_quad_Y,QUAD_Q7,DEFAULT,phantasy.sys.FE,phantasy.sub.LEBT,LEBT
FE_LEBT:QE_D0780:V_RSET,V,V,readset,48,0.2052,FE_LEBT:QVE_D0780,8.10035413,EQUAD,LIVE,ES_quad_Y,QUAD_Q7,DEFAULT,phantasy.sys.FE,phantasy.sub.LEBT,LEBT
FE_LEBT:QE_D0780:V_RD,V,V,readback,48,0.2052,FE_LEBT:QVE_D0780,8.10035413,EQUAD,LIVE,ES_quad_Y,QUAD_Q7,DEFAULT,phantasy.sys.FE,phantasy.sub.LEBT,LEBT
FE_LEBT:PM_D0783:XCEN_RD,XCEN,XCEN,readback,50,0.0,FE_LEBT:PM_D0783,8.28933913,PM,LIVE,profile monitor (large fork),PM1,DEFAULT,phantasy.sys.FE,phantasy.sub.LEBT,LEBT
FE_LEBT:PM_D0783:YCEN_RD,YCEN,YCEN,readback,50,0.0,FE_LEBT:PM_D0783,8.28933913,PM,LIVE,profile monitor (large fork),PM1,DEFAULT,phantasy.sys.FE,phantasy.sub.LEBT,LEBT
FE_LEBT:PM_D0783:XY_RD,XY,XY,readback,50,0.0,FE_LEBT:PM_D0783,8.28933913,PM,LIVE,profile monitor (large fork),PM1,DEFAULT,phantasy.sys.FE,phantasy.sub.LEBT,LEBT
FE_LEBT:PM_D0783:CXY_RD,CXY,CXY,readback,50,0.0,FE_LEBT:PM_D0783,8.28933913,PM,LIVE,profile monitor (large fork),PM1,DEFAULT,phantasy.sys.FE,phantasy.sub.LEBT,LEBT
FE_LEBT:PM_D0783:XRMS_RD,XRMS,XRMS,readback,50,0.0,FE_LEBT:PM_D0783,8.28933913,PM,LIVE,profile monitor (large fork),PM1,DEFAULT,phantasy.sys.FE,phantasy.sub.LEBT,LEBT
FE_LEBT:PM_D0783:YRMS_RD,YRMS,YRMS,readback,50,0.0,FE_LEBT:PM_D0783,8.28933913,PM,LIVE,profile monitor (large fork),PM1,DEFAULT,phantasy.sys.FE,phantasy.sub.LEBT,LEBT
FE_LEBT:PM_D0783:XYRMS_RD,XYRMS,XYRMS,readback,50,0.0,FE_LEBT:PM_D0783,8.28933913,PM,LIVE,profile monitor (large fork),PM1,DEFAULT,phantasy.sys.FE,phantasy.sub.LEBT,LEBT
FE_LEBT:SOLR_D0787:I_CSET,I,B,setpoint,53,0.3998,FE_LEBT:SOLR_D0787,8.90765413,SOL,LIVE,solenoid,SOL_S4,DEFAULT,phantasy.sys.FE,phantasy.sub.LEBT,LEBT
FE_LEBT:SOLR_D0787:I_RSET,I,B,readset,53,0.3998,FE_LEBT:SOLR_D0787,8.90765413,SOL,LIVE,solenoid,SOL_S4,DEFAULT,phantasy.sys.FE,phantasy.sub.LEBT,LEBT
FE_LEBT:SOLR_D0787:I_RD,I,B,readback,53,0.3998,FE_LEBT:SOLR_D0787,8.90765413,SOL,LIVE,solenoid,SOL_S4,DEFAULT,phantasy.sys.FE,phantasy.sub.LEBT,LEBT
FE_LEBT:PSC2_D0790:I_CSET,I,ANG,setpoint,55,0.0,FE_LEBT:DCH_D0790,9.02840413,HCOR,LIVE,horiz. corrector magnet,C4,DEFAULT,phantasy.sys.FE,phantasy.sub.LEBT,LEBT
FE_LEBT:PSC2_D0790:I_RSET,I,ANG,readset,55,0.0,FE_LEBT:DCH_D0790,9.02840413,HCOR,LIVE,horiz. corrector magnet,C4,DEFAULT,phantasy.sys.FE,phantasy.sub.LEBT,LEBT
FE_LEBT:PSC2_D0790:I_RD,I,ANG,readback,55,0.0,FE_LEBT:DCH_D0790,9.02840413,HCOR,LIVE,horiz. corrector magnet,C4,DEFAULT,phantasy.sys.FE,phantasy.sub.LEBT,LEBT
FE_LEBT:PSC1_D0790:I_CSET,I,ANG,setpoint,55,0.0,FE_LEBT:DCV_D0790,9.02840413,VCOR,LIVE,vert. corrector magnet,C4,DEFAULT,phantasy.sys.FE,phantasy.sub.LEBT,LEBT
FE_LEBT:PSC1_D0790:I_RSET,I,ANG,readset,55,0.0,FE_LEBT:DCV_D0790,9.02840413,VCOR,LIVE,vert. corrector magnet,C4,DEFAULT,phantasy.sys.FE,phantasy.sub.LEBT,LEBT
FE_LEBT:PSC1_D0790:I_RD,I,ANG,readback,55,0.0,FE_LEBT:DCV_D0790,9.02840413,VCOR,LIVE,vert. corrector magnet,C4,DEFAULT,phantasy.sys.FE,phantasy.sub.LEBT,LEBT
FE_LEBT:FC_D0796:AVG_RD,I,I,readback,63,0.0,FE_LEBT:FC_D0796,9.63010454,FC,LIVE,Faraday cup,FC1,DEFAULT,phantasy.sys.FE,phantasy.sub.LEBT,LEBT
#FE_LEBT:FC_D0796:VoltageMeasure,V,V,readback,63,0.0,FE_LEBT:FC_D0796,9.63010454,FC,LIVE,Faraday cup,FC1,DEFAULT,phantasy.sys.FE,phantasy.sub.LEBT,LEBT
#FE_LEBT:FC_D0796:VoltageSet,V,V,setpoint,63,0.0,FE_LEBT:FC_D0796,9.63010454,FC,LIVE,Faraday cup,FC1,DEFAULT,phantasy.sys.FE,phantasy.sub.LEBT,LEBT
FE_LEBT:FC_D0796:XCEN_RD,XCEN,XCEN,readback,63,0.0,FE_LEBT:FC_D0796,9.63010454,FC,LIVE,Faraday cup,FC1,DEFAULT,phantasy.sys.FE,phantasy.sub.LEBT,LEBT
FE_LEBT:FC_D0796:YCEN_RD,YCEN,YCEN,readback,63,0.0,FE_LEBT:FC_D0796,9.63010454,FC,LIVE,Faraday cup,FC1,DEFAULT,phantasy.sys.FE,phantasy.sub.LEBT,LEBT
FE_LEBT:FC_D0796:XRMS_RD,XRMS,XRMS,readback,63,0.0,FE_LEBT:FC_D0796,9.63010454,FC,LIVE,Faraday cup,FC1,DEFAULT,phantasy.sys.FE,phantasy.sub.LEBT,LEBT
FE_LEBT:FC_D0796:YRMS_RD,YRMS,YRMS,readback,63,0.0,FE_LEBT:FC_D0796,9.63010454,FC,LIVE,Faraday cup,FC1,DEFAULT,phantasy.sys.FE,phantasy.sub.LEBT,LEBT
FE_LEBT:SOLR_D0802:I_CSET,I,B,setpoint,65,0.3998,FE_LEBT:SOLR_D0802,10.38280413,SOL,LIVE,solenoid,SOL_S4,DEFAULT,phantasy.sys.FE,phantasy.sub.LEBT,LEBT
FE_LEBT:SOLR_D0802:I_RSET,I,B,readset,65,0.3998,FE_LEBT:SOLR_D0802,10.38280413,SOL,LIVE,solenoid,SOL_S4,DEFAULT,phantasy.sys.FE,phantasy.sub.LEBT,LEBT
FE_LEBT:SOLR_D0802:I_RD,I,B,readback,65,0.3998,FE_LEBT:SOLR_D0802,10.38280413,SOL,LIVE,solenoid,SOL_S4,DEFAULT,phantasy.sys.FE,phantasy.sub.LEBT,LEBT
FE_LEBT:PSC2_D0805:I_CSET,I,ANG,setpoint,67,0.0,FE_LEBT:DCH_D0805,10.50355413,HCOR,LIVE,horiz. corrector magnet,C4,DEFAULT,phantasy.sys.FE,phantasy.sub.LEBT,LEBT
FE_LEBT:PSC2_D0805:I_RSET,I,ANG,readset,67,0.0,FE_LEBT:DCH_D0805,10.50355413,HCOR,LIVE,horiz. corrector magnet,C4,DEFAULT,phantasy.sys.FE,phantasy.sub.LEBT,LEBT
FE_LEBT:PSC2_D0805:I_RD,I,ANG,readback,67,0.0,FE_LEBT:DCH_D0805,10.50355413,HCOR,LIVE,horiz. corrector magnet,C4,DEFAULT,phantasy.sys.FE,phantasy.sub.LEBT,LEBT
FE_LEBT:PSC1_D0805:I_CSET,I,ANG,setpoint,67,0.0,FE_LEBT:DCV_D0805,10.50355413,VCOR,LIVE,vert. corrector magnet,C4,DEFAULT,phantasy.sys.FE,phantasy.sub.LEBT,LEBT
FE_LEBT:PSC1_D0805:I_RSET,I,ANG,readset,67,0.0,FE_LEBT:DCV_D0805,10.50355413,VCOR,LIVE,vert. corrector magnet,C4,DEFAULT,phantasy.sys.FE,phantasy.sub.LEBT,LEBT
FE_LEBT:PSC1_D0805:I_RD,I,ANG,readback,67,0.0,FE_LEBT:DCV_D0805,10.50355413,VCOR,LIVE,vert. corrector magnet,C4,DEFAULT,phantasy.sys.FE,phantasy.sub.LEBT,LEBT
FE_LEBT:PM_D0808:XCEN_RD,XCEN,XCEN,readback,71,0.0,FE_LEBT:PM_D0808,10.80244266,PM,LIVE,profile monitor (large fork),PM1,DEFAULT,phantasy.sys.FE,phantasy.sub.LEBT,LEBT
FE_LEBT:PM_D0808:YCEN_RD,YCEN,YCEN,readback,71,0.0,FE_LEBT:PM_D0808,10.80244266,PM,LIVE,profile monitor (large fork),PM1,DEFAULT,phantasy.sys.FE,phantasy.sub.LEBT,LEBT
FE_LEBT:PM_D0808:XY_RD,XY,XY,readback,71,0.0,FE_LEBT:PM_D0808,10.80244266,PM,LIVE,profile monitor (large fork),PM1,DEFAULT,phantasy.sys.FE,phantasy.sub.LEBT,LEBT
FE_LEBT:PM_D0808:CXY_RD,CXY,CXY,readback,71,0.0,FE_LEBT:PM_D0808,10.80244266,PM,LIVE,profile monitor (large fork),PM1,DEFAULT,phantasy.sys.FE,phantasy.sub.LEBT,LEBT
FE_LEBT:PM_D0808:XRMS_RD,XRMS,XRMS,readback,71,0.0,FE_LEBT:PM_D0808,10.80244266,PM,LIVE,profile monitor (large fork),PM1,DEFAULT,phantasy.sys.FE,phantasy.sub.LEBT,LEBT
FE_LEBT:PM_D0808:YRMS_RD,YRMS,YRMS,readback,71,0.0,FE_LEBT:PM_D0808,10.80244266,PM,LIVE,profile monitor (large fork),PM1,DEFAULT,phantasy.sys.FE,phantasy.sub.LEBT,LEBT
FE_LEBT:PM_D0808:XYRMS_RD,XYRMS,XYRMS,readback,71,0.0,FE_LEBT:PM_D0808,10.80244266,PM,LIVE,profile monitor (large fork),PM1,DEFAULT,phantasy.sys.FE,phantasy.sub.LEBT,LEBT
FE_LEBT:VD_D0812:XCEN_RD,XCEN,XCEN,readback,74,0.0,FE_LEBT:VD_D0812,11.19784123,VD,LIVE,viewer,V1,DEFAULT,phantasy.sys.FE,phantasy.sub.LEBT,LEBT
FE_LEBT:VD_D0812:YCEN_RD,YCEN,YCEN,readback,74,0.0,FE_LEBT:VD_D0812,11.19784123,VD,LIVE,viewer,V1,DEFAULT,phantasy.sys.FE,phantasy.sub.LEBT,LEBT
FE_LEBT:VD_D0812:XRMS_RD,XRMS,XRMS,readback,74,0.0,FE_LEBT:VD_D0812,11.19784123,VD,LIVE,viewer,V1,DEFAULT,phantasy.sys.FE,phantasy.sub.LEBT,LEBT
FE_LEBT:VD_D0812:YRMS_RD,YRMS,YRMS,readback,74,0.0,FE_LEBT:VD_D0812,11.19784123,VD,LIVE,viewer,V1,DEFAULT,phantasy.sys.FE,phantasy.sub.LEBT,LEBT
FE_LEBT:FC_D0814:AVG_RD,I,I,readback,77,0.0,FE_LEBT:FC_D0814,11.40612123,FC,LIVE,Faraday cup,FC1,DEFAULT,phantasy.sys.FE,phantasy.sub.LEBT,LEBT
#FE_LEBT:FC_D0814:VoltageMeasure,V,V,readback,77,0.0,FE_LEBT:FC_D0814,11.40612123,FC,LIVE,Faraday cup,FC1,DEFAULT,phantasy.sys.FE,phantasy.sub.LEBT,LEBT
#FE_LEBT:FC_D0814:VoltageSet,V,V,setpoint,77,0.0,FE_LEBT:FC_D0814,11.40612123,FC,LIVE,Faraday cup,FC1,DEFAULT,phantasy.sys.FE,phantasy.sub.LEBT,LEBT
FE_LEBT:FC_D0814:XCEN_RD,XCEN,XCEN,readback,77,0.0,FE_LEBT:FC_D0814,11.40612123,FC,LIVE,Faraday cup,FC1,DEFAULT,phantasy.sys.FE,phantasy.sub.LEBT,LEBT
FE_LEBT:FC_D0814:YCEN_RD,YCEN,YCEN,readback,77,0.0,FE_LEBT:FC_D0814,11.40612123,FC,LIVE,Faraday cup,FC1,DEFAULT,phantasy.sys.FE,phantasy.sub.LEBT,LEBT
FE_LEBT:FC_D0814:XRMS_RD,XRMS,XRMS,readback,77,0.0,FE_LEBT:FC_D0814,11.40612123,FC,LIVE,Faraday cup,FC1,DEFAULT,phantasy.sys.FE,phantasy.sub.LEBT,LEBT
FE_LEBT:FC_D0814:YRMS_RD,YRMS,YRMS,readback,77,0.0,FE_LEBT:FC_D0814,11.40612123,FC,LIVE,Faraday cup,FC1,DEFAULT,phantasy.sys.FE,phantasy.sub.LEBT,LEBT
FE_LEBT:SOLR_D0818:I_CSET,I,B,setpoint,79,0.3998,FE_LEBT:SOLR_D0818,12.02295413,SOL,LIVE,solenoid,SOL_S4,DEFAULT,phantasy.sys.FE,phantasy.sub.LEBT,LEBT
FE_LEBT:SOLR_D0818:I_RSET,I,B,readset,79,0.3998,FE_LEBT:SOLR_D0818,12.02295413,SOL,LIVE,solenoid,SOL_S4,DEFAULT,phantasy.sys.FE,phantasy.sub.LEBT,LEBT
FE_LEBT:SOLR_D0818:I_RD,I,B,readback,79,0.3998,FE_LEBT:SOLR_D0818,12.02295413,SOL,LIVE,solenoid,SOL_S4,DEFAULT,phantasy.sys.FE,phantasy.sub.LEBT,LEBT
FE_LEBT:PSC2_D0821:I_CSET,I,ANG,setpoint,81,0.0,FE_LEBT:DCH_D0821,12.14370413,HCOR,LIVE,horiz. corrector magnet,C4,DEFAULT,phantasy.sys.FE,phantasy.sub.LEBT,LEBT
FE_LEBT:PSC2_D0821:I_RSET,I,ANG,readset,81,0.0,FE_LEBT:DCH_D0821,12.14370413,HCOR,LIVE,horiz. corrector magnet,C4,DEFAULT,phantasy.sys.FE,phantasy.sub.LEBT,LEBT
FE_LEBT:PSC2_D0821:I_RD,I,ANG,readback,81,0.0,FE_LEBT:DCH_D0821,12.14370413,HCOR,LIVE,horiz. corrector magnet,C4,DEFAULT,phantasy.sys.FE,phantasy.sub.LEBT,LEBT
FE_LEBT:PSC1_D0821:I_CSET,I,ANG,setpoint,81,0.0,FE_LEBT:DCV_D0821,12.14370413,VCOR,LIVE,vert. corrector magnet,C4,DEFAULT,phantasy.sys.FE,phantasy.sub.LEBT,LEBT
FE_LEBT:PSC1_D0821:I_RSET,I,ANG,readset,81,0.0,FE_LEBT:DCV_D0821,12.14370413,VCOR,LIVE,vert. corrector magnet,C4,DEFAULT,phantasy.sys.FE,phantasy.sub.LEBT,LEBT
FE_LEBT:PSC1_D0821:I_RD,I,ANG,readback,81,0.0,FE_LEBT:DCV_D0821,12.14370413,VCOR,LIVE,vert. corrector magnet,C4,DEFAULT,phantasy.sys.FE,phantasy.sub.LEBT,LEBT
FE_LEBT:PM_D0824:XCEN_RD,XCEN,XCEN,readback,85,0.0,FE_LEBT:PM_D0824,12.41748706,PM,LIVE,profile monitor (large fork),PM1,DEFAULT,phantasy.sys.FE,phantasy.sub.LEBT,LEBT
FE_LEBT:PM_D0824:YCEN_RD,YCEN,YCEN,readback,85,0.0,FE_LEBT:PM_D0824,12.41748706,PM,LIVE,profile monitor (large fork),PM1,DEFAULT,phantasy.sys.FE,phantasy.sub.LEBT,LEBT
FE_LEBT:PM_D0824:XY_RD,XY,XY,readback,85,0.0,FE_LEBT:PM_D0824,12.41748706,PM,LIVE,profile monitor (large fork),PM1,DEFAULT,phantasy.sys.FE,phantasy.sub.LEBT,LEBT
FE_LEBT:PM_D0824:CXY_RD,CXY,CXY,readback,85,0.0,FE_LEBT:PM_D0824,12.41748706,PM,LIVE,profile monitor (large fork),PM1,DEFAULT,phantasy.sys.FE,phantasy.sub.LEBT,LEBT
FE_LEBT:PM_D0824:XRMS_RD,XRMS,XRMS,readback,85,0.0,FE_LEBT:PM_D0824,12.41748706,PM,LIVE,profile monitor (large fork),PM1,DEFAULT,phantasy.sys.FE,phantasy.sub.LEBT,LEBT
FE_LEBT:PM_D0824:YRMS_RD,YRMS,YRMS,readback,85,0.0,FE_LEBT:PM_D0824,12.41748706,PM,LIVE,profile monitor (large fork),PM1,DEFAULT,phantasy.sys.FE,phantasy.sub.LEBT,LEBT
FE_LEBT:PM_D0824:XYRMS_RD,XYRMS,XYRMS,readback,85,0.0,FE_LEBT:PM_D0824,12.41748706,PM,LIVE,profile monitor (large fork),PM1,DEFAULT,phantasy.sys.FE,phantasy.sub.LEBT,LEBT
FE_LEBT:DVE_D0833:V_CSET,V,V,setpoint,89,1.0,FE_LEBT:DVE_D0833,13.82305513,EBEND,LIVE,ES_bender 1,BEND_D7,DEFAULT,phantasy.sys.FE,phantasy.sub.LEBT,LEBT
FE_LEBT:DVE_D0833:V_RSET,V,V,readset,89,1.0,FE_LEBT:DVE_D0833,13.82305513,EBEND,LIVE,ES_bender 1,BEND_D7,DEFAULT,phantasy.sys.FE,phantasy.sub.LEBT,LEBT
FE_LEBT:DVE_D0833:V_RD,V,V,readback,89,1.0,FE_LEBT:DVE_D0833,13.82305513,EBEND,LIVE,ES_bender 1,BEND_D7,DEFAULT,phantasy.sys.FE,phantasy.sub.LEBT,LEBT
FE_LEBT:PSC2_D0840:I_CSET,I,ANG,setpoint,92,0.0,FE_LEBT:DCH_D0840,14.03805513,HCOR,LIVE,horiz. corrector magnet,C4,DEFAULT,phantasy.sys.FE,phantasy.sub.LEBT,LEBT
FE_LEBT:PSC2_D0840:I_RSET,I,ANG,readset,92,0.0,FE_LEBT:DCH_D0840,14.03805513,HCOR,LIVE,horiz. corrector magnet,C4,DEFAULT,phantasy.sys.FE,phantasy.sub.LEBT,LEBT
FE_LEBT:PSC2_D0840:I_RD,I,ANG,readback,92,0.0,FE_LEBT:DCH_D0840,14.03805513,HCOR,LIVE,horiz. corrector magnet,C4,DEFAULT,phantasy.sys.FE,phantasy.sub.LEBT,LEBT
FE_LEBT:PSC1_D0840:I_CSET,I,ANG,setpoint,92,0.0,FE_LEBT:DCV_D0840,14.03805513,VCOR,LIVE,vert. corrector magnet,C4,DEFAULT,phantasy.sys.FE,phantasy.sub.LEBT,LEBT
FE_LEBT:PSC1_D0840:I_RSET,I,ANG,readset,92,0.0,FE_LEBT:DCV_D0840,14.03805513,VCOR,LIVE,vert. corrector magnet,C4,DEFAULT,phantasy.sys.FE,phantasy.sub.LEBT,LEBT
FE_LEBT:PSC1_D0840:I_RD,I,ANG,readback,92,0.0,FE_LEBT:DCV_D0840,14.03805513,VCOR,LIVE,vert. corrector magnet,C4,DEFAULT,phantasy.sys.FE,phantasy.sub.LEBT,LEBT
FE_LEBT:QE_D0844:V_CSET,V,V,setpoint,94,0.2052,FE_LEBT:QHE_D0844,14.57565513,EQUAD,LIVE,ES_quad_X,QUAD_Q7,DEFAULT,phantasy.sys.FE,phantasy.sub.LEBT,LEBT
FE_LEBT:QE_D0844:V_RSET,V,V,readset,94,0.2052,FE_LEBT:QHE_D0844,14.57565513,EQUAD,LIVE,ES_quad_X,QUAD_Q7,DEFAULT,phantasy.sys.FE,phantasy.sub.LEBT,LEBT
FE_LEBT:QE_D0844:V_RD,V,V,readback,94,0.2052,FE_LEBT:QHE_D0844,14.57565513,EQUAD,LIVE,ES_quad_X,QUAD_Q7,DEFAULT,phantasy.sys.FE,phantasy.sub.LEBT,LEBT
FE_LEBT:QE_D0848:V_CSET,V,V,setpoint,96,0.2052,FE_LEBT:QVE_D0848,14.91065513,EQUAD,LIVE,ES_quad_Y,QUAD_Q7,DEFAULT,phantasy.sys.FE,phantasy.sub.LEBT,LEBT
FE_LEBT:QE_D0848:V_RSET,V,V,readset,96,0.2052,FE_LEBT:QVE_D0848,14.91065513,EQUAD,LIVE,ES_quad_Y,QUAD_Q7,DEFAULT,phantasy.sys.FE,phantasy.sub.LEBT,LEBT
FE_LEBT:QE_D0848:V_RD,V,V,readback,96,0.2052,FE_LEBT:QVE_D0848,14.91065513,EQUAD,LIVE,ES_quad_Y,QUAD_Q7,DEFAULT,phantasy.sys.FE,phantasy.sub.LEBT,LEBT
FE_LEBT:QE_D0851:V_CSET,V,V,setpoint,98,0.2052,FE_LEBT:QHE_D0851,15.24565513,EQUAD,LIVE,ES_quad_X,QUAD_Q7,DEFAULT,phantasy.sys.FE,phantasy.sub.LEBT,LEBT
FE_LEBT:QE_D0851:V_RSET,V,V,readset,98,0.2052,FE_LEBT:QHE_D0851,15.24565513,EQUAD,LIVE,ES_quad_X,QUAD_Q7,DEFAULT,phantasy.sys.FE,phantasy.sub.LEBT,LEBT
FE_LEBT:QE_D0851:V_RD,V,V,readback,98,0.2052,FE_LEBT:QHE_D0851,15.24565513,EQUAD,LIVE,ES_quad_X,QUAD_Q7,DEFAULT,phantasy.sys.FE,phantasy.sub.LEBT,LEBT
FE_LEBT:PM_D0856:XCEN_RD,XCEN,XCEN,readback,100,0.0,FE_LEBT:PM_D0856,15.5860708626,PM,LIVE,profile monitor (large fork),PM1,DEFAULT,phantasy.sys.FE,phantasy.sub.LEBT,LEBT
FE_LEBT:PM_D0856:YCEN_RD,YCEN,YCEN,readback,100,0.0,FE_LEBT:PM_D0856,15.5860708626,PM,LIVE,profile monitor (large fork),PM1,DEFAULT,phantasy.sys.FE,phantasy.sub.LEBT,LEBT
FE_LEBT:PM_D0856:XY_RD,XY,XY,readback,100,0.0,FE_LEBT:PM_D0856,15.5860708626,PM,LIVE,profile monitor (large fork),PM1,DEFAULT,phantasy.sys.FE,phantasy.sub.LEBT,LEBT
FE_LEBT:PM_D0856:CXY_RD,CXY,CXY,readback,100,0.0,FE_LEBT:PM_D0856,15.5860708626,PM,LIVE,profile monitor (large fork),PM1,DEFAULT,phantasy.sys.FE,phantasy.sub.LEBT,LEBT
FE_LEBT:PM_D0856:XRMS_RD,XRMS,XRMS,readback,100,0.0,FE_LEBT:PM_D0856,15.5860708626,PM,LIVE,profile monitor (large fork),PM1,DEFAULT,phantasy.sys.FE,phantasy.sub.LEBT,LEBT
FE_LEBT:PM_D0856:YRMS_RD,YRMS,YRMS,readback,100,0.0,FE_LEBT:PM_D0856,15.5860708626,PM,LIVE,profile monitor (large fork),PM1,DEFAULT,phantasy.sys.FE,phantasy.sub.LEBT,LEBT
FE_LEBT:PM_D0856:XYRMS_RD,XYRMS,XYRMS,readback,100,0.0,FE_LEBT:PM_D0856,15.5860708626,PM,LIVE,profile monitor (large fork),PM1,DEFAULT,phantasy.sys.FE,phantasy.sub.LEBT,LEBT
FE_LEBT:PSC2_D0868:I_CSET,I,ANG,setpoint,105,0.0,FE_LEBT:DCH_D0868,16.8418051256,HCOR,LIVE,horiz. corrector magnet,C4,DEFAULT,phantasy.sys.FE,phantasy.sub.LEBT,LEBT
FE_LEBT:PSC2_D0868:I_RSET,I,ANG,readset,105,0.0,FE_LEBT:DCH_D0868,16.8418051256,HCOR,LIVE,horiz. corrector magnet,C4,DEFAULT,phantasy.sys.FE,phantasy.sub.LEBT,LEBT
FE_LEBT:PSC2_D0868:I_RD,I,ANG,readback,105,0.0,FE_LEBT:DCH_D0868,16.8418051256,HCOR,LIVE,horiz. corrector magnet,C4,DEFAULT,phantasy.sys.FE,phantasy.sub.LEBT,LEBT
FE_LEBT:PSC1_D0868:I_CSET,I,ANG,setpoint,105,0.0,FE_LEBT:DCV_D0868,16.8418051256,VCOR,LIVE,vert. corrector magnet,C4,DEFAULT,phantasy.sys.FE,phantasy.sub.LEBT,LEBT
FE_LEBT:PSC1_D0868:I_RSET,I,ANG,readset,105,0.0,FE_LEBT:DCV_D0868,16.8418051256,VCOR,LIVE,vert. corrector magnet,C4,DEFAULT,phantasy.sys.FE,phantasy.sub.LEBT,LEBT
FE_LEBT:PSC1_D0868:I_RD,I,ANG,readback,105,0.0,FE_LEBT:DCV_D0868,16.8418051256,VCOR,LIVE,vert. corrector magnet,C4,DEFAULT,phantasy.sys.FE,phantasy.sub.LEBT,LEBT
FE_LEBT:QE_D0871:V_CSET,V,V,setpoint,107,0.2052,FE_LEBT:QVE_D0871,17.2244051256,EQUAD,LIVE,ES_quad_Y,QUAD_Q7,DEFAULT,phantasy.sys.FE,phantasy.sub.LEBT,LEBT
FE_LEBT:QE_D0871:V_RSET,V,V,readset,107,0.2052,FE_LEBT:QVE_D0871,17.2244051256,EQUAD,LIVE,ES_quad_Y,QUAD_Q7,DEFAULT,phantasy.sys.FE,phantasy.sub.LEBT,LEBT
FE_LEBT:QE_D0871:V_RD,V,V,readback,107,0.2052,FE_LEBT:QVE_D0871,17.2244051256,EQUAD,LIVE,ES_quad_Y,QUAD_Q7,DEFAULT,phantasy.sys.FE,phantasy.sub.LEBT,LEBT
FE_LEBT:QE_D0874:V_CSET,V,V,setpoint,109,0.2052,FE_LEBT:QHE_D0874,17.5594051256,EQUAD,LIVE,ES_quad_X,QUAD_Q7,DEFAULT,phantasy.sys.FE,phantasy.sub.LEBT,LEBT
FE_LEBT:QE_D0874:V_RSET,V,V,readset,109,0.2052,FE_LEBT:QHE_D0874,17.5594051256,EQUAD,LIVE,ES_quad_X,QUAD_Q7,DEFAULT,phantasy.sys.FE,phantasy.sub.LEBT,LEBT
FE_LEBT:QE_D0874:V_RD,V,V,readback,109,0.2052,FE_LEBT:QHE_D0874,17.5594051256,EQUAD,LIVE,ES_quad_X,QUAD_Q7,DEFAULT,phantasy.sys.FE,phantasy.sub.LEBT,LEBT
FE_LEBT:QE_D0878:V_CSET,V,V,setpoint,111,0.2052,FE_LEBT:QVE_D0878,17.8944051256,EQUAD,LIVE,ES_quad_Y,QUAD_Q7,DEFAULT,phantasy.sys.FE,phantasy.sub.LEBT,LEBT
FE_LEBT:QE_D0878:V_RSET,V,V,readset,111,0.2052,FE_LEBT:QVE_D0878,17.8944051256,EQUAD,LIVE,ES_quad_Y,QUAD_Q7,DEFAULT,phantasy.sys.FE,phantasy.sub.LEBT,LEBT
FE_LEBT:QE_D0878:V_RD,V,V,readback,111,0.2052,FE_LEBT:QVE_D0878,17.8944051256,EQUAD,LIVE,ES_quad_Y,QUAD_Q7,DEFAULT,phantasy.sys.FE,phantasy.sub.LEBT,LEBT
FE_LEBT:PSC2_D0880:I_CSET,I,ANG,setpoint,113,0.0,FE_LEBT:DCH_D0880,18.0718051256,HCOR,LIVE,horiz. corrector magnet,C4,DEFAULT,phantasy.sys.FE,phantasy.sub.LEBT,LEBT
FE_LEBT:PSC2_D0880:I_RSET,I,ANG,readset,113,0.0,FE_LEBT:DCH_D0880,18.0718051256,HCOR,LIVE,horiz. corrector magnet,C4,DEFAULT,phantasy.sys.FE,phantasy.sub.LEBT,LEBT
FE_LEBT:PSC2_D0880:I_RD,I,ANG,readback,113,0.0,FE_LEBT:DCH_D0880,18.0718051256,HCOR,LIVE,horiz. corrector magnet,C4,DEFAULT,phantasy.sys.FE,phantasy.sub.LEBT,LEBT
FE_LEBT:PSC1_D0880:I_CSET,I,ANG,setpoint,113,0.0,FE_LEBT:DCV_D0880,18.0718051256,VCOR,LIVE,vert. corrector magnet,C4,DEFAULT,phantasy.sys.FE,phantasy.sub.LEBT,LEBT
FE_LEBT:PSC1_D0880:I_RSET,I,ANG,readset,113,0.0,FE_LEBT:DCV_D0880,18.0718051256,VCOR,LIVE,vert. corrector magnet,C4,DEFAULT,phantasy.sys.FE,phantasy.sub.LEBT,LEBT
FE_LEBT:PSC1_D0880:I_RD,I,ANG,readback,113,0.0,FE_LEBT:DCV_D0880,18.0718051256,VCOR,LIVE,vert. corrector magnet,C4,DEFAULT,phantasy.sys.FE,phantasy.sub.LEBT,LEBT
FE_LEBT:PM_D0885:XCEN_RD,XCEN,XCEN,readback,115,0.0,FE_LEBT:PM_D0885,18.5465347136,PM,LIVE,profile monitor (large fork),PM1,DEFAULT,phantasy.sys.FE,phantasy.sub.LEBT,LEBT
FE_LEBT:PM_D0885:YCEN_RD,YCEN,YCEN,readback,115,0.0,FE_LEBT:PM_D0885,18.5465347136,PM,LIVE,profile monitor (large fork),PM1,DEFAULT,phantasy.sys.FE,phantasy.sub.LEBT,LEBT
FE_LEBT:PM_D0885:XY_RD,XY,XY,readback,115,0.0,FE_LEBT:PM_D0885,18.5465347136,PM,LIVE,profile monitor (large fork),PM1,DEFAULT,phantasy.sys.FE,phantasy.sub.LEBT,LEBT
FE_LEBT:PM_D0885:CXY_RD,CXY,CXY,readback,115,0.0,FE_LEBT:PM_D0885,18.5465347136,PM,LIVE,profile monitor (large fork),PM1,DEFAULT,phantasy.sys.FE,phantasy.sub.LEBT,LEBT
FE_LEBT:PM_D0885:XRMS_RD,XRMS,XRMS,readback,115,0.0,FE_LEBT:PM_D0885,18.5465347136,PM,LIVE,profile monitor (large fork),PM1,DEFAULT,phantasy.sys.FE,phantasy.sub.LEBT,LEBT
FE_LEBT:PM_D0885:YRMS_RD,YRMS,YRMS,readback,115,0.0,FE_LEBT:PM_D0885,18.5465347136,PM,LIVE,profile monitor (large fork),PM1,DEFAULT,phantasy.sys.FE,phantasy.sub.LEBT,LEBT
FE_LEBT:PM_D0885:XYRMS_RD,XYRMS,XYRMS,readback,115,0.0,FE_LEBT:PM_D0885,18.5465347136,PM,LIVE,profile monitor (large fork),PM1,DEFAULT,phantasy.sys.FE,phantasy.sub.LEBT,LEBT
FE_LEBT:QE_D0891:V_CSET,V,V,setpoint,120,0.2052,FE_LEBT:QVE_D0891,19.2544051336,EQUAD,LIVE,ES_quad_Y,QUAD_Q7,DEFAULT,phantasy.sys.FE,phantasy.sub.LEBT,LEBT
FE_LEBT:QE_D0891:V_RSET,V,V,readset,120,0.2052,FE_LEBT:QVE_D0891,19.2544051336,EQUAD,LIVE,ES_quad_Y,QUAD_Q7,DEFAULT,phantasy.sys.FE,phantasy.sub.LEBT,LEBT
FE_LEBT:QE_D0891:V_RD,V,V,readback,120,0.2052,FE_LEBT:QVE_D0891,19.2544051336,EQUAD,LIVE,ES_quad_Y,QUAD_Q7,DEFAULT,phantasy.sys.FE,phantasy.sub.LEBT,LEBT
FE_LEBT:QE_D0895:V_CSET,V,V,setpoint,122,0.2052,FE_LEBT:QHE_D0895,19.5894051336,EQUAD,LIVE,ES_quad_X,QUAD_Q7,DEFAULT,phantasy.sys.FE,phantasy.sub.LEBT,LEBT
FE_LEBT:QE_D0895:V_RSET,V,V,readset,122,0.2052,FE_LEBT:QHE_D0895,19.5894051336,EQUAD,LIVE,ES_quad_X,QUAD_Q7,DEFAULT,phantasy.sys.FE,phantasy.sub.LEBT,LEBT
FE_LEBT:QE_D0895:V_RD,V,V,readback,122,0.2052,FE_LEBT:QHE_D0895,19.5894051336,EQUAD,LIVE,ES_quad_X,QUAD_Q7,DEFAULT,phantasy.sys.FE,phantasy.sub.LEBT,LEBT
FE_LEBT:QE_D0898:V_CSET,V,V,setpoint,124,0.2052,FE_LEBT:QVE_D0898,19.9244051336,EQUAD,LIVE,ES_quad_Y,QUAD_Q7,DEFAULT,phantasy.sys.FE,phantasy.sub.LEBT,LEBT
FE_LEBT:QE_D0898:V_RSET,V,V,readset,124,0.2052,FE_LEBT:QVE_D0898,19.9244051336,EQUAD,LIVE,ES_quad_Y,QUAD_Q7,DEFAULT,phantasy.sys.FE,phantasy.sub.LEBT,LEBT
FE_LEBT:QE_D0898:V_RD,V,V,readback,124,0.2052,FE_LEBT:QVE_D0898,19.9244051336,EQUAD,LIVE,ES_quad_Y,QUAD_Q7,DEFAULT,phantasy.sys.FE,phantasy.sub.LEBT,LEBT
FE_LEBT:PSC2_D0901:I_CSET,I,ANG,setpoint,126,0.0,FE_LEBT:DCH_D0901,20.1018051336,HCOR,LIVE,horiz. corrector magnet,C4,DEFAULT,phantasy.sys.FE,phantasy.sub.LEBT,LEBT
FE_LEBT:PSC2_D0901:I_RSET,I,ANG,readset,126,0.0,FE_LEBT:DCH_D0901,20.1018051336,HCOR,LIVE,horiz. corrector magnet,C4,DEFAULT,phantasy.sys.FE,phantasy.sub.LEBT,LEBT
FE_LEBT:PSC2_D0901:I_RD,I,ANG,readback,126,0.0,FE_LEBT:DCH_D0901,20.1018051336,HCOR,LIVE,horiz. corrector magnet,C4,DEFAULT,phantasy.sys.FE,phantasy.sub.LEBT,LEBT
FE_LEBT:PSC1_D0901:I_CSET,I,ANG,setpoint,126,0.0,FE_LEBT:DCV_D0901,20.1018051336,VCOR,LIVE,vert. corrector magnet,C4,DEFAULT,phantasy.sys.FE,phantasy.sub.LEBT,LEBT
FE_LEBT:PSC1_D0901:I_RSET,I,ANG,readset,126,0.0,FE_LEBT:DCV_D0901,20.1018051336,VCOR,LIVE,vert. corrector magnet,C4,DEFAULT,phantasy.sys.FE,phantasy.sub.LEBT,LEBT
FE_LEBT:PSC1_D0901:I_RD,I,ANG,readback,126,0.0,FE_LEBT:DCV_D0901,20.1018051336,VCOR,LIVE,vert. corrector magnet,C4,DEFAULT,phantasy.sys.FE,phantasy.sub.LEBT,LEBT
FE_LEBT:PM_D0912:XCEN_RD,XCEN,XCEN,readback,132,0.0,FE_LEBT:PM_D0912,21.1952847336,PM,LIVE,profile monitor (large fork),PM1,DEFAULT,phantasy.sys.FE,phantasy.sub.LEBT,LEBT
FE_LEBT:PM_D0912:YCEN_RD,YCEN,YCEN,readback,132,0.0,FE_LEBT:PM_D0912,21.1952847336,PM,LIVE,profile monitor (large fork),PM1,DEFAULT,phantasy.sys.FE,phantasy.sub.LEBT,LEBT
FE_LEBT:PM_D0912:XY_RD,XY,XY,readback,132,0.0,FE_LEBT:PM_D0912,21.1952847336,PM,LIVE,profile monitor (large fork),PM1,DEFAULT,phantasy.sys.FE,phantasy.sub.LEBT,LEBT
FE_LEBT:PM_D0912:CXY_RD,CXY,CXY,readback,132,0.0,FE_LEBT:PM_D0912,21.1952847336,PM,LIVE,profile monitor (large fork),PM1,DEFAULT,phantasy.sys.FE,phantasy.sub.LEBT,LEBT
FE_LEBT:PM_D0912:XRMS_RD,XRMS,XRMS,readback,132,0.0,FE_LEBT:PM_D0912,21.1952847336,PM,LIVE,profile monitor (large fork),PM1,DEFAULT,phantasy.sys.FE,phantasy.sub.LEBT,LEBT
FE_LEBT:PM_D0912:YRMS_RD,YRMS,YRMS,readback,132,0.0,FE_LEBT:PM_D0912,21.1952847336,PM,LIVE,profile monitor (large fork),PM1,DEFAULT,phantasy.sys.FE,phantasy.sub.LEBT,LEBT
FE_LEBT:PM_D0912:XYRMS_RD,XYRMS,XYRMS,readback,132,0.0,FE_LEBT:PM_D0912,21.1952847336,PM,LIVE,profile monitor (large fork),PM1,DEFAULT,phantasy.sys.FE,phantasy.sub.LEBT,LEBT
FE_LEBT:QE_D0918:V_CSET,V,V,setpoint,134,0.2052,FE_LEBT:QHE_D0918,21.9031551336,EQUAD,LIVE,ES_quad_X,QUAD_Q7,DEFAULT,phantasy.sys.FE,phantasy.sub.LEBT,LEBT
FE_LEBT:QE_D0918:V_RSET,V,V,readset,134,0.2052,FE_LEBT:QHE_D0918,21.9031551336,EQUAD,LIVE,ES_quad_X,QUAD_Q7,DEFAULT,phantasy.sys.FE,phantasy.sub.LEBT,LEBT
FE_LEBT:QE_D0918:V_RD,V,V,readback,134,0.2052,FE_LEBT:QHE_D0918,21.9031551336,EQUAD,LIVE,ES_quad_X,QUAD_Q7,DEFAULT,phantasy.sys.FE,phantasy.sub.LEBT,LEBT
FE_LEBT:QE_D0921:V_CSET,V,V,setpoint,136,0.2052,FE_LEBT:QVE_D0921,22.2381551336,EQUAD,LIVE,ES_quad_Y,QUAD_Q7,DEFAULT,phantasy.sys.FE,phantasy.sub.LEBT,LEBT
FE_LEBT:QE_D0921:V_RSET,V,V,readset,136,0.2052,FE_LEBT:QVE_D0921,22.2381551336,EQUAD,LIVE,ES_quad_Y,QUAD_Q7,DEFAULT,phantasy.sys.FE,phantasy.sub.LEBT,LEBT
FE_LEBT:QE_D0921:V_RD,V,V,readback,136,0.2052,FE_LEBT:QVE_D0921,22.2381551336,EQUAD,LIVE,ES_quad_Y,QUAD_Q7,DEFAULT,phantasy.sys.FE,phantasy.sub.LEBT,LEBT
FE_LEBT:QE_D0924:V_CSET,V,V,setpoint,138,0.2052,FE_LEBT:QHE_D0924,22.5731551336,EQUAD,LIVE,ES_quad_X,QUAD_Q7,DEFAULT,phantasy.sys.FE,phantasy.sub.LEBT,LEBT
FE_LEBT:QE_D0924:V_RSET,V,V,readset,138,0.2052,FE_LEBT:QHE_D0924,22.5731551336,EQUAD,LIVE,ES_quad_X,QUAD_Q7,DEFAULT,phantasy.sys.FE,phantasy.sub.LEBT,LEBT
FE_LEBT:QE_D0924:V_RD,V,V,readback,138,0.2052,FE_LEBT:QHE_D0924,22.5731551336,EQUAD,LIVE,ES_quad_X,QUAD_Q7,DEFAULT,phantasy.sys.FE,phantasy.sub.LEBT,LEBT
FE_LEBT:PSC2_D0929:I_CSET,I,ANG,setpoint,140,0.0,FE_LEBT:DCH_D0929,22.9055551336,HCOR,LIVE,horiz. corrector magnet,C4,DEFAULT,phantasy.sys.FE,phantasy.sub.LEBT,LEBT
FE_LEBT:PSC2_D0929:I_RSET,I,ANG,readset,140,0.0,FE_LEBT:DCH_D0929,22.9055551336,HCOR,LIVE,horiz. corrector magnet,C4,DEFAULT,phantasy.sys.FE,phantasy.sub.LEBT,LEBT
FE_LEBT:PSC2_D0929:I_RD,I,ANG,readback,140,0.0,FE_LEBT:DCH_D0929,22.9055551336,HCOR,LIVE,horiz. corrector magnet,C4,DEFAULT,phantasy.sys.FE,phantasy.sub.LEBT,LEBT
FE_LEBT:PSC1_D0929:I_CSET,I,ANG,setpoint,140,0.0,FE_LEBT:DCV_D0929,22.9055551336,VCOR,LIVE,vert. corrector magnet,C4,DEFAULT,phantasy.sys.FE,phantasy.sub.LEBT,LEBT
FE_LEBT:PSC1_D0929:I_RSET,I,ANG,readset,140,0.0,FE_LEBT:DCV_D0929,22.9055551336,VCOR,LIVE,vert. corrector magnet,C4,DEFAULT,phantasy.sys.FE,phantasy.sub.LEBT,LEBT
FE_LEBT:PSC1_D0929:I_RD,I,ANG,readback,140,0.0,FE_LEBT:DCV_D0929,22.9055551336,VCOR,LIVE,vert. corrector magnet,C4,DEFAULT,phantasy.sys.FE,phantasy.sub.LEBT,LEBT
FE_LEBT:DVE_D0936:V_CSET,V,V,setpoint,142,1.0,FE_LEBT:DVE_D0936,24.1205551336,EBEND,LIVE,ES_bender 2,BEND_D7,DEFAULT,phantasy.sys.FE,phantasy.sub.LEBT,LEBT
FE_LEBT:DVE_D0936:V_RSET,V,V,readset,142,1.0,FE_LEBT:DVE_D0936,24.1205551336,EBEND,LIVE,ES_bender 2,BEND_D7,DEFAULT,phantasy.sys.FE,phantasy.sub.LEBT,LEBT
FE_LEBT:DVE_D0936:V_RD,V,V,readback,142,1.0,FE_LEBT:DVE_D0936,24.1205551336,EBEND,LIVE,ES_bender 2,BEND_D7,DEFAULT,phantasy.sys.FE,phantasy.sub.LEBT,LEBT
FE_LEBT:PM_D0945:XCEN_RD,XCEN,XCEN,readback,148,0.0,FE_LEBT:PM_D0945,24.5261261936,PM,LIVE,profile monitor (large fork),PM1,DEFAULT,phantasy.sys.FE,phantasy.sub.LEBT,LEBT
FE_LEBT:PM_D0945:YCEN_RD,YCEN,YCEN,readback,148,0.0,FE_LEBT:PM_D0945,24.5261261936,PM,LIVE,profile monitor (large fork),PM1,DEFAULT,phantasy.sys.FE,phantasy.sub.LEBT,LEBT
FE_LEBT:PM_D0945:XY_RD,XY,XY,readback,148,0.0,FE_LEBT:PM_D0945,24.5261261936,PM,LIVE,profile monitor (large fork),PM1,DEFAULT,phantasy.sys.FE,phantasy.sub.LEBT,LEBT
FE_LEBT:PM_D0945:CXY_RD,CXY,CXY,readback,148,0.0,FE_LEBT:PM_D0945,24.5261261936,PM,LIVE,profile monitor (large fork),PM1,DEFAULT,phantasy.sys.FE,phantasy.sub.LEBT,LEBT
FE_LEBT:PM_D0945:XRMS_RD,XRMS,XRMS,readback,148,0.0,FE_LEBT:PM_D0945,24.5261261936,PM,LIVE,profile monitor (large fork),PM1,DEFAULT,phantasy.sys.FE,phantasy.sub.LEBT,LEBT
FE_LEBT:PM_D0945:YRMS_RD,YRMS,YRMS,readback,148,0.0,FE_LEBT:PM_D0945,24.5261261936,PM,LIVE,profile monitor (large fork),PM1,DEFAULT,phantasy.sys.FE,phantasy.sub.LEBT,LEBT
FE_LEBT:PM_D0945:XYRMS_RD,XYRMS,XYRMS,readback,148,0.0,FE_LEBT:PM_D0945,24.5261261936,PM,LIVE,profile monitor (large fork),PM1,DEFAULT,phantasy.sys.FE,phantasy.sub.LEBT,LEBT
FE_LEBT:PSC2_D0948:I_CSET,I,ANG,setpoint,150,0.0,FE_LEBT:DCH_D0948,24.7999091336,HCOR,LIVE,horiz. corrector magnet,C4,DEFAULT,phantasy.sys.FE,phantasy.sub.LEBT,LEBT
FE_LEBT:PSC2_D0948:I_RSET,I,ANG,readset,150,0.0,FE_LEBT:DCH_D0948,24.7999091336,HCOR,LIVE,horiz. corrector magnet,C4,DEFAULT,phantasy.sys.FE,phantasy.sub.LEBT,LEBT
FE_LEBT:PSC2_D0948:I_RD,I,ANG,readback,150,0.0,FE_LEBT:DCH_D0948,24.7999091336,HCOR,LIVE,horiz. corrector magnet,C4,DEFAULT,phantasy.sys.FE,phantasy.sub.LEBT,LEBT
FE_LEBT:PSC1_D0948:I_CSET,I,ANG,setpoint,150,0.0,FE_LEBT:DCV_D0948,24.7999091336,VCOR,LIVE,vert. corrector magnet,C4,DEFAULT,phantasy.sys.FE,phantasy.sub.LEBT,LEBT
FE_LEBT:PSC1_D0948:I_RSET,I,ANG,readset,150,0.0,FE_LEBT:DCV_D0948,24.7999091336,VCOR,LIVE,vert. corrector magnet,C4,DEFAULT,phantasy.sys.FE,phantasy.sub.LEBT,LEBT
FE_LEBT:PSC1_D0948:I_RD,I,ANG,readback,150,0.0,FE_LEBT:DCV_D0948,24.7999091336,VCOR,LIVE,vert. corrector magnet,C4,DEFAULT,phantasy.sys.FE,phantasy.sub.LEBT,LEBT
FE_LEBT:SOLR_D0951:I_CSET,I,B,setpoint,152,0.3998,FE_LEBT:SOLR_D0951,25.3204591336,SOL,LIVE,solenoid,SOL_S4,DEFAULT,phantasy.sys.FE,phantasy.sub.LEBT,LEBT
FE_LEBT:SOLR_D0951:I_RSET,I,B,readset,152,0.3998,FE_LEBT:SOLR_D0951,25.3204591336,SOL,LIVE,solenoid,SOL_S4,DEFAULT,phantasy.sys.FE,phantasy.sub.LEBT,LEBT
FE_LEBT:SOLR_D0951:I_RD,I,B,readback,152,0.3998,FE_LEBT:SOLR_D0951,25.3204591336,SOL,LIVE,solenoid,SOL_S4,DEFAULT,phantasy.sys.FE,phantasy.sub.LEBT,LEBT
FE_LEBT:PM_D0961:XCEN_RD,XCEN,XCEN,readback,160,0.0,FE_LEBT:PM_D0961,26.1412422136,PM,LIVE,profile monitor (large fork),PM1,DEFAULT,phantasy.sys.FE,phantasy.sub.LEBT,LEBT
FE_LEBT:PM_D0961:YCEN_RD,YCEN,YCEN,readback,160,0.0,FE_LEBT:PM_D0961,26.1412422136,PM,LIVE,profile monitor (large fork),PM1,DEFAULT,phantasy.sys.FE,phantasy.sub.LEBT,LEBT
FE_LEBT:PM_D0961:XY_RD,XY,XY,readback,160,0.0,FE_LEBT:PM_D0961,26.1412422136,PM,LIVE,profile monitor (large fork),PM1,DEFAULT,phantasy.sys.FE,phantasy.sub.LEBT,LEBT
FE_LEBT:PM_D0961:CXY_RD,CXY,CXY,readback,160,0.0,FE_LEBT:PM_D0961,26.1412422136,PM,LIVE,profile monitor (large fork),PM1,DEFAULT,phantasy.sys.FE,phantasy.sub.LEBT,LEBT
FE_LEBT:PM_D0961:XRMS_RD,XRMS,XRMS,readback,160,0.0,FE_LEBT:PM_D0961,26.1412422136,PM,LIVE,profile monitor (large fork),PM1,DEFAULT,phantasy.sys.FE,phantasy.sub.LEBT,LEBT
FE_LEBT:PM_D0961:YRMS_RD,YRMS,YRMS,readback,160,0.0,FE_LEBT:PM_D0961,26.1412422136,PM,LIVE,profile monitor (large fork),PM1,DEFAULT,phantasy.sys.FE,phantasy.sub.LEBT,LEBT
FE_LEBT:PM_D0961:XYRMS_RD,XYRMS,XYRMS,readback,160,0.0,FE_LEBT:PM_D0961,26.1412422136,PM,LIVE,profile monitor (large fork),PM1,DEFAULT,phantasy.sys.FE,phantasy.sub.LEBT,LEBT
FE_LEBT:PSC2_D0964:I_CSET,I,ANG,setpoint,162,0.0,FE_LEBT:DCH_D0964,26.4400591336,HCOR,LIVE,horiz. corrector magnet,C4,DEFAULT,phantasy.sys.FE,phantasy.sub.LEBT,LEBT
FE_LEBT:PSC2_D0964:I_RSET,I,ANG,readset,162,0.0,FE_LEBT:DCH_D0964,26.4400591336,HCOR,LIVE,horiz. corrector magnet,C4,DEFAULT,phantasy.sys.FE,phantasy.sub.LEBT,LEBT
FE_LEBT:PSC2_D0964:I_RD,I,ANG,readback,162,0.0,FE_LEBT:DCH_D0964,26.4400591336,HCOR,LIVE,horiz. corrector magnet,C4,DEFAULT,phantasy.sys.FE,phantasy.sub.LEBT,LEBT
FE_LEBT:PSC1_D0964:I_CSET,I,ANG,setpoint,162,0.0,FE_LEBT:DCV_D0964,26.4400591336,VCOR,LIVE,vert. corrector magnet,C4,DEFAULT,phantasy.sys.FE,phantasy.sub.LEBT,LEBT
FE_LEBT:PSC1_D0964:I_RSET,I,ANG,readset,162,0.0,FE_LEBT:DCV_D0964,26.4400591336,VCOR,LIVE,vert. corrector magnet,C4,DEFAULT,phantasy.sys.FE,phantasy.sub.LEBT,LEBT
FE_LEBT:PSC1_D0964:I_RD,I,ANG,readback,162,0.0,FE_LEBT:DCV_D0964,26.4400591336,VCOR,LIVE,vert. corrector magnet,C4,DEFAULT,phantasy.sys.FE,phantasy.sub.LEBT,LEBT
FE_LEBT:SOLR_D0967:I_CSET,I,B,setpoint,164,0.3998,FE_LEBT:SOLR_D0967,26.9606091336,SOL,LIVE,solenoid,SOL_S4,DEFAULT,phantasy.sys.FE,phantasy.sub.LEBT,LEBT
FE_LEBT:SOLR_D0967:I_RSET,I,B,readset,164,0.3998,FE_LEBT:SOLR_D0967,26.9606091336,SOL,LIVE,solenoid,SOL_S4,DEFAULT,phantasy.sys.FE,phantasy.sub.LEBT,LEBT
FE_LEBT:SOLR_D0967:I_RD,I,B,readback,164,0.3998,FE_LEBT:SOLR_D0967,26.9606091336,SOL,LIVE,solenoid,SOL_S4,DEFAULT,phantasy.sys.FE,phantasy.sub.LEBT,LEBT
FE_LEBT:PM_D0972:XCEN_RD,XCEN,XCEN,readback,166,0.0,FE_LEBT:PM_D0972,27.1792598036,PM,LIVE,profile monitor (large fork),PM1,DEFAULT,phantasy.sys.FE,phantasy.sub.LEBT,LEBT
FE_LEBT:PM_D0972:YCEN_RD,YCEN,YCEN,readback,166,0.0,FE_LEBT:PM_D0972,27.1792598036,PM,LIVE,profile monitor (large fork),PM1,DEFAULT,phantasy.sys.FE,phantasy.sub.LEBT,LEBT
FE_LEBT:PM_D0972:XY_RD,XY,XY,readback,166,0.0,FE_LEBT:PM_D0972,27.1792598036,PM,LIVE,profile monitor (large fork),PM1,DEFAULT,phantasy.sys.FE,phantasy.sub.LEBT,LEBT
FE_LEBT:PM_D0972:CXY_RD,CXY,CXY,readback,166,0.0,FE_LEBT:PM_D0972,27.1792598036,PM,LIVE,profile monitor (large fork),PM1,DEFAULT,phantasy.sys.FE,phantasy.sub.LEBT,LEBT
FE_LEBT:PM_D0972:XRMS_RD,XRMS,XRMS,readback,166,0.0,FE_LEBT:PM_D0972,27.1792598036,PM,LIVE,profile monitor (large fork),PM1,DEFAULT,phantasy.sys.FE,phantasy.sub.LEBT,LEBT
FE_LEBT:PM_D0972:YRMS_RD,YRMS,YRMS,readback,166,0.0,FE_LEBT:PM_D0972,27.1792598036,PM,LIVE,profile monitor (large fork),PM1,DEFAULT,phantasy.sys.FE,phantasy.sub.LEBT,LEBT
FE_LEBT:PM_D0972:XYRMS_RD,XYRMS,XYRMS,readback,166,0.0,FE_LEBT:PM_D0972,27.1792598036,PM,LIVE,profile monitor (large fork),PM1,DEFAULT,phantasy.sys.FE,phantasy.sub.LEBT,LEBT
FE_LEBT:VD_D0977:XCEN_RD,XCEN,XCEN,readback,172,0.0,FE_LEBT:VD_D0977,27.6951889236,VD,LIVE,viewer,V2,DEFAULT,phantasy.sys.FE,phantasy.sub.LEBT,LEBT
FE_LEBT:VD_D0977:YCEN_RD,YCEN,YCEN,readback,172,0.0,FE_LEBT:VD_D0977,27.6951889236,VD,LIVE,viewer,V2,DEFAULT,phantasy.sys.FE,phantasy.sub.LEBT,LEBT
FE_LEBT:VD_D0977:XRMS_RD,XRMS,XRMS,readback,172,0.0,FE_LEBT:VD_D0977,27.6951889236,VD,LIVE,viewer,V2,DEFAULT,phantasy.sys.FE,phantasy.sub.LEBT,LEBT
FE_LEBT:VD_D0977:YRMS_RD,YRMS,YRMS,readback,172,0.0,FE_LEBT:VD_D0977,27.6951889236,VD,LIVE,viewer,V2,DEFAULT,phantasy.sys.FE,phantasy.sub.LEBT,LEBT
FE_LEBT:FC_D0977:AVG_RD,I,I,readback,174,0.0,FE_LEBT:FC_D0977,27.6951889236,FC,LIVE,faraday cup,FC1,DEFAULT,phantasy.sys.FE,phantasy.sub.LEBT,LEBT
#FE_LEBT:FC_D0977:VoltageMeasure,V,V,readback,174,0.0,FE_LEBT:FC_D0977,27.6951889236,FC,LIVE,faraday cup,FC1,DEFAULT,phantasy.sys.FE,phantasy.sub.LEBT,LEBT
#FE_LEBT:FC_D0977:VoltageSet,V,V,setpoint,174,0.0,FE_LEBT:FC_D0977,27.6951889236,FC,LIVE,faraday cup,FC1,DEFAULT,phantasy.sys.FE,phantasy.sub.LEBT,LEBT
FE_LEBT:FC_D0977:XCEN_RD,XCEN,XCEN,readback,174,0.0,FE_LEBT:FC_D0977,27.6951889236,FC,LIVE,faraday cup,FC1,DEFAULT,phantasy.sys.FE,phantasy.sub.LEBT,LEBT
FE_LEBT:FC_D0977:YCEN_RD,YCEN,YCEN,readback,174,0.0,FE_LEBT:FC_D0977,27.6951889236,FC,LIVE,faraday cup,FC1,DEFAULT,phantasy.sys.FE,phantasy.sub.LEBT,LEBT
FE_LEBT:FC_D0977:XRMS_RD,XRMS,XRMS,readback,174,0.0,FE_LEBT:FC_D0977,27.6951889236,FC,LIVE,faraday cup,FC1,DEFAULT,phantasy.sys.FE,phantasy.sub.LEBT,LEBT
FE_LEBT:FC_D0977:YRMS_RD,YRMS,YRMS,readback,174,0.0,FE_LEBT:FC_D0977,27.6951889236,FC,LIVE,faraday cup,FC1,DEFAULT,phantasy.sys.FE,phantasy.sub.LEBT,LEBT
FE_LEBT:PSC2_D0979:I_CSET,I,ANG,setpoint,176,0.0,FE_LEBT:DCH_D0979,27.9152091336,HCOR,LIVE,horiz. corrector magnet,C4,DEFAULT,phantasy.sys.FE,phantasy.sub.LEBT,LEBT
FE_LEBT:PSC2_D0979:I_RSET,I,ANG,readset,176,0.0,FE_LEBT:DCH_D0979,27.9152091336,HCOR,LIVE,horiz. corrector magnet,C4,DEFAULT,phantasy.sys.FE,phantasy.sub.LEBT,LEBT
FE_LEBT:PSC2_D0979:I_RD,I,ANG,readback,176,0.0,FE_LEBT:DCH_D0979,27.9152091336,HCOR,LIVE,horiz. corrector magnet,C4,DEFAULT,phantasy.sys.FE,phantasy.sub.LEBT,LEBT
FE_LEBT:PSC1_D0979:I_CSET,I,ANG,setpoint,176,0.0,FE_LEBT:DCV_D0979,27.9152091336,VCOR,LIVE,vert. corrector magnet,C4,DEFAULT,phantasy.sys.FE,phantasy.sub.LEBT,LEBT
FE_LEBT:PSC1_D0979:I_RSET,I,ANG,readset,176,0.0,FE_LEBT:DCV_D0979,27.9152091336,VCOR,LIVE,vert. corrector magnet,C4,DEFAULT,phantasy.sys.FE,phantasy.sub.LEBT,LEBT
FE_LEBT:PSC1_D0979:I_RD,I,ANG,readback,176,0.0,FE_LEBT:DCV_D0979,27.9152091336,VCOR,LIVE,vert. corrector magnet,C4,DEFAULT,phantasy.sys.FE,phantasy.sub.LEBT,LEBT
FE_LEBT:SOLR_D0982:I_CSET,I,B,setpoint,178,0.3998,FE_LEBT:SOLR_D0982,28.4357591336,SOL,LIVE,solenoid,SOL_S4,DEFAULT,phantasy.sys.FE,phantasy.sub.LEBT,LEBT
FE_LEBT:SOLR_D0982:I_RSET,I,B,readset,178,0.3998,FE_LEBT:SOLR_D0982,28.4357591336,SOL,LIVE,solenoid,SOL_S4,DEFAULT,phantasy.sys.FE,phantasy.sub.LEBT,LEBT
FE_LEBT:SOLR_D0982:I_RD,I,B,readback,178,0.3998,FE_LEBT:SOLR_D0982,28.4357591336,SOL,LIVE,solenoid,SOL_S4,DEFAULT,phantasy.sys.FE,phantasy.sub.LEBT,LEBT
FE_LEBT:PM_D0986:XCEN_RD,XCEN,XCEN,readback,180,0.0,FE_LEBT:PM_D0986,28.6558581336,PM,LIVE,profile monitor (small fork),PM1,DEFAULT,phantasy.sys.FE,phantasy.sub.LEBT,LEBT
FE_LEBT:PM_D0986:YCEN_RD,YCEN,YCEN,readback,180,0.0,FE_LEBT:PM_D0986,28.6558581336,PM,LIVE,profile monitor (small fork),PM1,DEFAULT,phantasy.sys.FE,phantasy.sub.LEBT,LEBT
FE_LEBT:PM_D0986:XY_RD,XY,XY,readback,180,0.0,FE_LEBT:PM_D0986,28.6558581336,PM,LIVE,profile monitor (small fork),PM1,DEFAULT,phantasy.sys.FE,phantasy.sub.LEBT,LEBT
FE_LEBT:PM_D0986:CXY_RD,CXY,CXY,readback,180,0.0,FE_LEBT:PM_D0986,28.6558581336,PM,LIVE,profile monitor (small fork),PM1,DEFAULT,phantasy.sys.FE,phantasy.sub.LEBT,LEBT
FE_LEBT:PM_D0986:XRMS_RD,XRMS,XRMS,readback,180,0.0,FE_LEBT:PM_D0986,28.6558581336,PM,LIVE,profile monitor (small fork),PM1,DEFAULT,phantasy.sys.FE,phantasy.sub.LEBT,LEBT
FE_LEBT:PM_D0986:YRMS_RD,YRMS,YRMS,readback,180,0.0,FE_LEBT:PM_D0986,28.6558581336,PM,LIVE,profile monitor (small fork),PM1,DEFAULT,phantasy.sys.FE,phantasy.sub.LEBT,LEBT
FE_LEBT:PM_D0986:XYRMS_RD,XYRMS,XYRMS,readback,180,0.0,FE_LEBT:PM_D0986,28.6558581336,PM,LIVE,profile monitor (small fork),PM1,DEFAULT,phantasy.sys.FE,phantasy.sub.LEBT,LEBT
FE_LEBT:CAV_D0987:PHA_CSET,PHA,PHASE,setpoint,182,0.0,FE_LEBT:CAV_D0987,28.7608591336,CAV,LIVE,multi harmonic buncher,multi harmonic buncher,DEFAULT,phantasy.sys.FE,phantasy.sub.LEBT,LEBT
FE_LEBT:CAV_D0987:PHA_RSET,PHA,PHASE,readset,182,0.0,FE_LEBT:CAV_D0987,28.7608591336,CAV,LIVE,multi harmonic buncher,multi harmonic buncher,DEFAULT,phantasy.sys.FE,phantasy.sub.LEBT,LEBT
FE_LEBT:CAV_D0987:PHA_RD_CAVS,PHA,PHASE,readback,182,0.0,FE_LEBT:CAV_D0987,28.7608591336,CAV,LIVE,multi harmonic buncher,multi harmonic buncher,DEFAULT,phantasy.sys.FE,phantasy.sub.LEBT,LEBT
FE_LEBT:CAV_D0987:E_CSET,AMP,AMPLITUDE,setpoint,182,0.0,FE_LEBT:CAV_D0987,28.7608591336,CAV,LIVE,multi harmonic buncher,multi harmonic buncher,DEFAULT,phantasy.sys.FE,phantasy.sub.LEBT,LEBT
FE_LEBT:CAV_D0987:E_RSET,AMP,AMPLITUDE,readset,182,0.0,FE_LEBT:CAV_D0987,28.7608591336,CAV,LIVE,multi harmonic buncher,multi harmonic buncher,DEFAULT,phantasy.sys.FE,phantasy.sub.LEBT,LEBT
FE_LEBT:CAV_D0987:E_RD_CAVS,AMP,AMPLITUDE,readback,182,0.0,FE_LEBT:CAV_D0987,28.7608591336,CAV,LIVE,multi harmonic buncher,multi harmonic buncher,DEFAULT,phantasy.sys.FE,phantasy.sub.LEBT,LEBT
FE_LEBT:BCM_D0989:AVG_RD,AVG,I_AVG,readback,186,0.0,FE_LEBT:BCM_D0989,28.9073511336,BCM,LIVE,AC current transformer,BCM1,DEFAULT,phantasy.sys.FE,phantasy.sub.LEBT,LEBT
FE_LEBT:BCM_D0989:TYP_RD,TYP,I_TYP,readback,186,0.0,FE_LEBT:BCM_D0989,28.9073511336,BCM,LIVE,AC current transformer,BCM1,DEFAULT,phantasy.sys.FE,phantasy.sub.LEBT,LEBT
FE_LEBT:PSC2_D0992:I_CSET,I,ANG,setpoint,188,0.0,FE_LEBT:DCH_D0992,29.2252091336,HCOR,LIVE,horiz. corrector magnet,C4,DEFAULT,phantasy.sys.FE,phantasy.sub.LEBT,LEBT
FE_LEBT:PSC2_D0992:I_RSET,I,ANG,readset,188,0.0,FE_LEBT:DCH_D0992,29.2252091336,HCOR,LIVE,horiz. corrector magnet,C4,DEFAULT,phantasy.sys.FE,phantasy.sub.LEBT,LEBT
FE_LEBT:PSC2_D0992:I_RD,I,ANG,readback,188,0.0,FE_LEBT:DCH_D0992,29.2252091336,HCOR,LIVE,horiz. corrector magnet,C4,DEFAULT,phantasy.sys.FE,phantasy.sub.LEBT,LEBT
FE_LEBT:PSC1_D0992:I_CSET,I,ANG,setpoint,188,0.0,FE_LEBT:DCV_D0992,29.2252091336,VCOR,LIVE,vert. corrector magnet,C4,DEFAULT,phantasy.sys.FE,phantasy.sub.LEBT,LEBT
FE_LEBT:PSC1_D0992:I_RSET,I,ANG,readset,188,0.0,FE_LEBT:DCV_D0992,29.2252091336,VCOR,LIVE,vert. corrector magnet,C4,DEFAULT,phantasy.sys.FE,phantasy.sub.LEBT,LEBT
FE_LEBT:PSC1_D0992:I_RD,I,ANG,readback,188,0.0,FE_LEBT:DCV_D0992,29.2252091336,VCOR,LIVE,vert. corrector magnet,C4,DEFAULT,phantasy.sys.FE,phantasy.sub.LEBT,LEBT
FE_LEBT:SOLR_D0995:I_CSET,I,B,setpoint,190,0.3998,FE_LEBT:SOLR_D0995,29.7457591336,SOL,LIVE,solenoid,SOL_S4b,DEFAULT,phantasy.sys.FE,phantasy.sub.LEBT,LEBT
FE_LEBT:SOLR_D0995:I_RSET,I,B,readset,190,0.3998,FE_LEBT:SOLR_D0995,29.7457591336,SOL,LIVE,solenoid,SOL_S4b,DEFAULT,phantasy.sys.FE,phantasy.sub.LEBT,LEBT
FE_LEBT:SOLR_D0995:I_RD,I,B,readback,190,0.3998,FE_LEBT:SOLR_D0995,29.7457591336,SOL,LIVE,solenoid,SOL_S4b,DEFAULT,phantasy.sys.FE,phantasy.sub.LEBT,LEBT
FE_LEBT:FC_D0998:AVG_RD,I,I,readback,192,0.0,FE_LEBT:FC_D0998,29.8213828336,FC,LIVE,faraday cup,FC1,DEFAULT,phantasy.sys.FE,phantasy.sub.LEBT,LEBT
#FE_LEBT:FC_D0998:VoltageMeasure,V,V,readback,192,0.0,FE_LEBT:FC_D0998,29.8213828336,FC,LIVE,faraday cup,FC1,DEFAULT,phantasy.sys.FE,phantasy.sub.LEBT,LEBT
#FE_LEBT:FC_D0998:VoltageSet,V,V,setpoint,192,0.0,FE_LEBT:FC_D0998,29.8213828336,FC,LIVE,faraday cup,FC1,DEFAULT,phantasy.sys.FE,phantasy.sub.LEBT,LEBT
FE_LEBT:FC_D0998:XCEN_RD,XCEN,XCEN,readback,192,0.0,FE_LEBT:FC_D0998,29.8213828336,FC,LIVE,faraday cup,FC1,DEFAULT,phantasy.sys.FE,phantasy.sub.LEBT,LEBT
FE_LEBT:FC_D0998:YCEN_RD,YCEN,YCEN,readback,192,0.0,FE_LEBT:FC_D0998,29.8213828336,FC,LIVE,faraday cup,FC1,DEFAULT,phantasy.sys.FE,phantasy.sub.LEBT,LEBT
FE_LEBT:FC_D0998:XRMS_RD,XRMS,XRMS,readback,192,0.0,FE_LEBT:FC_D0998,29.8213828336,FC,LIVE,faraday cup,FC1,DEFAULT,phantasy.sys.FE,phantasy.sub.LEBT,LEBT
FE_LEBT:FC_D0998:YRMS_RD,YRMS,YRMS,readback,192,0.0,FE_LEBT:FC_D0998,29.8213828336,FC,LIVE,faraday cup,FC1,DEFAULT,phantasy.sys.FE,phantasy.sub.LEBT,LEBT
FE_LEBT:FFC_D0998:AVG_RD,I,I,readback,193,0.0,FE_LEBT:FFC_D0998,29.8213828336,FC,LIVE,fast faraday cup,LPM1,DEFAULT,phantasy.sys.FE,phantasy.sub.LEBT,LEBT
#FE_LEBT:FFC_D0998:VoltageMeasure,V,V,readback,193,0.0,FE_LEBT:FFC_D0998,29.8213828336,FC,LIVE,fast faraday cup,LPM1,DEFAULT,phantasy.sys.FE,phantasy.sub.LEBT,LEBT
#FE_LEBT:FFC_D0998:VoltageSet,V,V,setpoint,193,0.0,FE_LEBT:FFC_D0998,29.8213828336,FC,LIVE,fast faraday cup,LPM1,DEFAULT,phantasy.sys.FE,phantasy.sub.LEBT,LEBT
FE_LEBT:FFC_D0998:XCEN_RD,XCEN,XCEN,readback,193,0.0,FE_LEBT:FFC_D0998,29.8213828336,FC,LIVE,fast faraday cup,LPM1,DEFAULT,phantasy.sys.FE,phantasy.sub.LEBT,LEBT
FE_LEBT:FFC_D0998:YCEN_RD,YCEN,YCEN,readback,193,0.0,FE_LEBT:FFC_D0998,29.8213828336,FC,LIVE,fast faraday cup,LPM1,DEFAULT,phantasy.sys.FE,phantasy.sub.LEBT,LEBT
FE_LEBT:FFC_D0998:XRMS_RD,XRMS,XRMS,readback,193,0.0,FE_LEBT:FFC_D0998,29.8213828336,FC,LIVE,fast faraday cup,LPM1,DEFAULT,phantasy.sys.FE,phantasy.sub.LEBT,LEBT
FE_LEBT:FFC_D0998:YRMS_RD,YRMS,YRMS,readback,193,0.0,FE_LEBT:FFC_D0998,29.8213828336,FC,LIVE,fast faraday cup,LPM1,DEFAULT,phantasy.sys.FE,phantasy.sub.LEBT,LEBT
FE_LEBT:PM_D0998:XCEN_RD,XCEN,XCEN,readback,195,0.0,FE_LEBT:PM_D0998,29.8447000336,PM,LIVE,profile monitor (small fork),PM1,DEFAULT,phantasy.sys.FE,phantasy.sub.LEBT,LEBT
FE_LEBT:PM_D0998:YCEN_RD,YCEN,YCEN,readback,195,0.0,FE_LEBT:PM_D0998,29.8447000336,PM,LIVE,profile monitor (small fork),PM1,DEFAULT,phantasy.sys.FE,phantasy.sub.LEBT,LEBT
FE_LEBT:PM_D0998:XY_RD,XY,XY,readback,195,0.0,FE_LEBT:PM_D0998,29.8447000336,PM,LIVE,profile monitor (small fork),PM1,DEFAULT,phantasy.sys.FE,phantasy.sub.LEBT,LEBT
FE_LEBT:PM_D0998:CXY_RD,CXY,CXY,readback,195,0.0,FE_LEBT:PM_D0998,29.8447000336,PM,LIVE,profile monitor (small fork),PM1,DEFAULT,phantasy.sys.FE,phantasy.sub.LEBT,LEBT
FE_LEBT:PM_D0998:XRMS_RD,XRMS,XRMS,readback,195,0.0,FE_LEBT:PM_D0998,29.8447000336,PM,LIVE,profile monitor (small fork),PM1,DEFAULT,phantasy.sys.FE,phantasy.sub.LEBT,LEBT
FE_LEBT:PM_D0998:YRMS_RD,YRMS,YRMS,readback,195,0.0,FE_LEBT:PM_D0998,29.8447000336,PM,LIVE,profile monitor (small fork),PM1,DEFAULT,phantasy.sys.FE,phantasy.sub.LEBT,LEBT
FE_LEBT:PM_D0998:XYRMS_RD,XYRMS,XYRMS,readback,195,0.0,FE_LEBT:PM_D0998,29.8447000336,PM,LIVE,profile monitor (small fork),PM1,DEFAULT,phantasy.sys.FE,phantasy.sub.LEBT,LEBT
FE_LEBT:CAV_D0999:PHA_CSET,PHA,PHASE,setpoint,197,0.0,FE_LEBT:CAV_D0999,29.9208591336,CAV,LIVE,velocity equalizer resonator,velocity equalizer resonator,DEFAULT,phantasy.sys.FE,phantasy.sub.LEBT,LEBT
FE_LEBT:CAV_D0999:PHA_RSET,PHA,PHASE,readset,197,0.0,FE_LEBT:CAV_D0999,29.9208591336,CAV,LIVE,velocity equalizer resonator,velocity equalizer resonator,DEFAULT,phantasy.sys.FE,phantasy.sub.LEBT,LEBT
FE_LEBT:CAV_D0999:PHA_RD_CAVS,PHA,PHASE,readback,197,0.0,FE_LEBT:CAV_D0999,29.9208591336,CAV,LIVE,velocity equalizer resonator,velocity equalizer resonator,DEFAULT,phantasy.sys.FE,phantasy.sub.LEBT,LEBT
FE_LEBT:CAV_D0999:E_CSET,AMP,AMPLITUDE,setpoint,197,0.0,FE_LEBT:CAV_D0999,29.9208591336,CAV,LIVE,velocity equalizer resonator,velocity equalizer resonator,DEFAULT,phantasy.sys.FE,phantasy.sub.LEBT,LEBT
FE_LEBT:CAV_D0999:E_RSET,AMP,AMPLITUDE,readset,197,0.0,FE_LEBT:CAV_D0999,29.9208591336,CAV,LIVE,velocity equalizer resonator,velocity equalizer resonator,DEFAULT,phantasy.sys.FE,phantasy.sub.LEBT,LEBT
FE_LEBT:CAV_D0999:E_RD_CAVS,AMP,AMPLITUDE,readback,197,0.0,FE_LEBT:CAV_D0999,29.9208591336,CAV,LIVE,velocity equalizer resonator,velocity equalizer resonator,DEFAULT,phantasy.sys.FE,phantasy.sub.LEBT,LEBT
